ADA,Cardano,Cryptocurrency
ALGO,Algorand,Cryptocurrency
ATOM,Cosmos,Cryptocurrency
BAT,Basic Attention Token,Cryptocurrency
BCH,Bitcoin Cash,Cryptocurrency
BNB,Binance Coin,Cryptocurrency
BSV,Bitcoin SV,Cryptocurrency
BTC,Bitcoin,Cryptocurrency
BUSD,Binance USD,Cryptocurrency
CRO,Crypto.com Coin,Cryptocurrency
DASH,Dash,Cryptocurrency
DCR,Decred,Cryptocurrency
DGB,DigiByte,Cryptocurrency
DOGE,Dogecoin,Cryptocurrency
ENJ,Enjin Coin,Cryptocurrency
EOS,EOS,Cryptocurrency
ETC,Ethereum Classic,Cryptocurrency
ETH,Ethereum,Cryptocurrency
FTX,FTX Token,Cryptocurrency
HBAR,Hedera Hashgraph,Cryptocurrency
HEDG,HedgeTrade,Cryptocurrency
HIVE,Hive,Cryptocurrency
HT,Huobi Token,Cryptocurrency
HYN,Hyperion,Cryptocurrency
ICX,ICON,Cryptocurrency
KNC,Kyber Network,Cryptocurrency
LEO,UNUS SED LEO,Cryptocurrency
LINK,Chainlink,Cryptocurrency
LSK,Lisk,Cryptocurrency
LTC,Litecoin,Cryptocurrency
MKR,Maker,Cryptocurrency
NANO,Nano,Cryptocurrency
NEO,Neo,Cryptocurrency
OKB,OKB,Cryptocurrency
OMG,OmiseGO,Cryptocurrency
ONT,Ontology,Cryptocurrency
QTUM,Qtum,Cryptocurrency
REP,Augur,Cryptocurrency
RVN,Ravencoin,Cryptocurrency
SNT,Status,Cryptocurrency
SNX,Synthetix Network Token,Cryptocurrency
TRX,TRON,Cryptocurrency
USDC,USD Coin,Cryptocurrency
USDT,Tether,Cryptocurrency
WAVES,Waves,Cryptocurrency
XLM,Stellar,Cryptocurrency
XMR,Monero,Cryptocurrency
XRP,XRP,Cryptocurrency
XTZ,Tezos,Cryptocurrency
ZEC,Zcash,Cryptocurrency
ZRX,0x,Cryptocurrency
